Timestamp,UTC,Callsign,Position,Altitude,Speed,Direction
1684515906,2023-05-19T17:05:06Z,CTM1022,"21.66923,39.136734",0,0,250
1684516104,2023-05-19T17:08:24Z,CTM1022,"21.669287,39.136936",0,2,250
1684516124,2023-05-19T17:08:44Z,CTM1022,"21.669365,39.137146",0,2,247
1684516143,2023-05-19T17:09:03Z,CTM1022,"21.669415,39.137371",0,2,236
1684516162,2023-05-19T17:09:22Z,CTM1022,"21.669462,39.137573",0,2,208
1684516190,2023-05-19T17:09:50Z,CTM1022,"21.669662,39.137756",0,2,165
1684516208,2023-05-19T17:10:08Z,CTM1022,"21.669868,39.137714",0,2,163
1684516228,2023-05-19T17:10:28Z,CTM1022,"21.670078,39.13765",0,2,160
1684516246,2023-05-19T17:10:46Z,CTM1022,"21.67028,39.137569",0,2,157
1684516264,2023-05-19T17:11:04Z,CTM1022,"21.670486,39.137486",0,2,157
1684516288,2023-05-19T17:11:28Z,CTM1022,"21.67075,39.137371",0,2,160
1684516310,2023-05-19T17:11:50Z,CTM1022,"21.670952,39.137306",0,1,160
1684516678,2023-05-19T17:17:58Z,CTM1022,"21.67075,39.137383",0,3,160
1684516690,2023-05-19T17:18:10Z,CTM1022,"21.670544,39.137459",0,4,160
1684516703,2023-05-19T17:18:23Z,CTM1022,"21.670334,39.137535",0,4,160
1684516717,2023-05-19T17:18:37Z,CTM1022,"21.670132,39.137669",0,4,146
1684516727,2023-05-19T17:18:47Z,CTM1022,"21.670143,39.137909",0,4,109
1684516761,2023-05-19T17:19:21Z,CTM1022,"21.670206,39.138119",0,1,87
1684516788,2023-05-19T17:19:48Z,CTM1022,"21.670288,39.138325",0,3,73
1684516800,2023-05-19T17:20:00Z,CTM1022,"21.67037,39.138538",0,0,70
1684516808,2023-05-19T17:20:08Z,CTM1022,"21.670441,39.138756",0,5,70
1684516819,2023-05-19T17:20:19Z,CTM1022,"21.670521,39.138969",0,4,70
1684516832,2023-05-19T17:20:32Z,CTM1022,"21.670578,39.139175",0,3,70
1684516851,2023-05-19T17:20:51Z,CTM1022,"21.670658,39.139381",0,2,70
1684516869,2023-05-19T17:21:09Z,CTM1022,"21.671009,39.139492",0,6,11
1684516878,2023-05-19T17:21:18Z,CTM1022,"21.670683,39.139442",0,0,348
1684516923,2023-05-19T17:22:03Z,CTM1022,"21.672836,39.138729",0,0,340
1684516929,2023-05-19T17:22:09Z,CTM1022,"21.674408,39.138107",0,0,340
1684516947,2023-05-19T17:22:27Z,CTM1022,"21.682077,39.135082",200,134,339
1684516955,2023-05-19T17:22:35Z,CTM1022,"21.688641,39.132488",100,164,339
1684516961,2023-05-19T17:22:41Z,CTM1022,"21.693237,39.130604",275,174,339
1684516971,2023-05-19T17:22:51Z,CTM1022,"21.69928,39.128208",650,169,339
1684516977,2023-05-19T17:22:57Z,CTM1022,"21.70459,39.12611",925,169,339
1684516983,2023-05-19T17:23:03Z,CTM1022,"21.709259,39.124111",1150,171,338
1684516991,2023-05-19T17:23:11Z,CTM1022,"21.714798,39.121666",1400,175,337
1684516998,2023-05-19T17:23:18Z,CTM1022,"21.719742,39.119419",1625,177,336
1684517004,2023-05-19T17:23:24Z,CTM1022,"21.724365,39.117172",1875,177,335
1684517010,2023-05-19T17:23:30Z,CTM1022,"21.728897,39.115074",2075,176,336
1684517016,2023-05-19T17:23:36Z,CTM1022,"21.733612,39.112976",2200,175,337
1684517022,2023-05-19T17:23:42Z,CTM1022,"21.738235,39.110977",2275,177,338
1684517028,2023-05-19T17:23:48Z,CTM1022,"21.741486,39.10968",2325,179,339
1684517034,2023-05-19T17:23:54Z,CTM1022,"21.747856,39.107159",2400,184,339
1684517040,2023-05-19T17:24:00Z,CTM1022,"21.752335,39.105385",2450,187,339
1684517047,2023-05-19T17:24:07Z,CTM1022,"21.757828,39.103188",2525,190,339
1684517053,2023-05-19T17:24:13Z,CTM1022,"21.761822,39.101665",2625,190,339
1684517058,2023-05-19T17:24:18Z,CTM1022,"21.766243,39.099934",2725,192,339
1684517065,2023-05-19T17:24:25Z,CTM1022,"21.77318,39.09729",2825,194,340
1684517071,2023-05-19T17:24:31Z,CTM1022,"21.778208,39.095459",2900,195,341
1684517077,2023-05-19T17:24:37Z,CTM1022,"21.783794,39.093426",3025,196,341
1684517083,2023-05-19T17:24:43Z,CTM1022,"21.78891,39.091553",3125,196,341
1684517089,2023-05-19T17:24:49Z,CTM1022,"21.794037,39.089657",3225,197,340
1684517095,2023-05-19T17:24:55Z,CTM1022,"21.799622,39.087509",3325,197,340
1684517102,2023-05-19T17:25:02Z,CTM1022,"21.804649,39.08559",3450,198,340
1684517108,2023-05-19T17:25:08Z,CTM1022,"21.810287,39.083412",3525,200,340
1684517114,2023-05-19T17:25:14Z,CTM1022,"21.815598,39.081417",3550,204,340
1684517120,2023-05-19T17:25:20Z,CTM1022,"21.821045,39.079319",3575,209,340
1684517126,2023-05-19T17:25:26Z,CTM1022,"21.826389,39.076893",3625,212,338
1684517128,2023-05-19T17:25:28Z,CTM1022,"21.828251,39.075825",3625,213,331
1684517132,2023-05-19T17:25:32Z,CTM1022,"21.831602,39.073383",3650,214,328
1684517135,2023-05-19T17:25:35Z,CTM1022,"21.834412,39.070679",3675,215,320
1684517138,2023-05-19T17:25:38Z,CTM1022,"21.836334,39.068382",3725,216,315
1684517141,2023-05-19T17:25:41Z,CTM1022,"21.838211,39.065636",3750,218,307
1684517144,2023-05-19T17:25:44Z,CTM1022,"21.839813,39.06274",3775,218,301
1684517147,2023-05-19T17:25:47Z,CTM1022,"21.841095,39.059792",3800,220,296
1684517150,2023-05-19T17:25:50Z,CTM1022,"21.842194,39.056847",3825,221,292
1684517153,2023-05-19T17:25:53Z,CTM1022,"21.843246,39.05365",3850,224,290
1684517157,2023-05-19T17:25:57Z,CTM1022,"21.844208,39.050552",3875,227,288
1684517159,2023-05-19T17:25:59Z,CTM1022,"21.845215,39.047157",3900,230,288
1684517163,2023-05-19T17:26:03Z,CTM1022,"21.846176,39.043812",3925,233,287
1684517165,2023-05-19T17:26:05Z,CTM1022,"21.847151,39.040527",3950,236,286
1684517169,2023-05-19T17:26:09Z,CTM1022,"21.848223,39.03661",4000,238,286
1684517172,2023-05-19T17:26:12Z,CTM1022,"21.849154,39.033203",4025,240,286
1684517175,2023-05-19T17:26:15Z,CTM1022,"21.85013,39.029491",4050,243,285
1684517178,2023-05-19T17:26:18Z,CTM1022,"21.851028,39.026035",4100,247,285
1684517181,2023-05-19T17:26:21Z,CTM1022,"21.85199,39.022488",4125,249,285
1684517184,2023-05-19T17:26:24Z,CTM1022,"21.853064,39.018353",4175,251,285
1684517190,2023-05-19T17:26:30Z,CTM1022,"21.854973,39.011078",4250,256,285
1684517196,2023-05-19T17:26:36Z,CTM1022,"21.856928,39.003345",4350,261,285
1684517202,2023-05-19T17:26:42Z,CTM1022,"21.858994,38.995323",4425,267,285
1684517208,2023-05-19T17:26:48Z,CTM1022,"21.860884,38.987835",4500,272,285
1684517214,2023-05-19T17:26:54Z,CTM1022,"21.862932,38.979542",4575,277,285
1684517221,2023-05-19T17:27:01Z,CTM1022,"21.864944,38.971554",4650,282,284
1684517227,2023-05-19T17:27:07Z,CTM1022,"21.867029,38.963062",4800,284,284
1684517233,2023-05-19T17:27:13Z,CTM1022,"21.869064,38.954872",5000,284,284
1684517245,2023-05-19T17:27:25Z,CTM1022,"21.873127,38.938091",5450,281,284
1684517257,2023-05-19T17:27:37Z,CTM1022,"21.875456,38.921406",5875,277,272
1684517260,2023-05-19T17:27:40Z,CTM1022,"21.875269,38.916882",5975,276,267
1684517263,2023-05-19T17:27:43Z,CTM1022,"21.874786,38.912975",6075,275,262
1684517266,2023-05-19T17:27:46Z,CTM1022,"21.873917,38.909081",6175,274,257
1684517269,2023-05-19T17:27:49Z,CTM1022,"21.872709,38.905029",6250,275,252
1684517273,2023-05-19T17:27:53Z,CTM1022,"21.870987,38.900806",6350,275,246
1684517276,2023-05-19T17:27:56Z,CTM1022,"21.869217,38.8974",6425,276,241
1684517279,2023-05-19T17:27:59Z,CTM1022,"21.866983,38.893841",6500,277,236
1684517282,2023-05-19T17:28:02Z,CTM1022,"21.864561,38.890686",6600,278,231
1684517285,2023-05-19T17:28:05Z,CTM1022,"21.86174,38.887657",6675,279,226
1684517288,2023-05-19T17:28:08Z,CTM1022,"21.858696,38.884937",6750,280,220
1684517290,2023-05-19T17:28:10Z,CTM1022,"21.855698,38.882763",6825,282,215
1684517294,2023-05-19T17:28:14Z,CTM1022,"21.851669,38.880417",6925,283,208
1684517297,2023-05-19T17:28:17Z,CTM1022,"21.847916,38.878616",7025,284,205
1684517300,2023-05-19T17:28:20Z,CTM1022,"21.844265,38.877003",7125,284,201
1684517303,2023-05-19T17:28:23Z,CTM1022,"21.840866,38.875622",7225,284,201
1684517306,2023-05-19T17:28:26Z,CTM1022,"21.837067,38.874073",7325,283,201
1684517309,2023-05-19T17:28:29Z,CTM1022,"21.833313,38.872524",7400,284,201
1684517312,2023-05-19T17:28:32Z,CTM1022,"21.829136,38.870747",7475,285,201
1684517315,2023-05-19T17:28:35Z,CTM1022,"21.825394,38.869228",7550,286,201
1684517318,2023-05-19T17:28:38Z,CTM1022,"21.821827,38.867748",7650,286,200
1684517330,2023-05-19T17:28:50Z,CTM1022,"21.806717,38.861988",8000,289,197
1684517343,2023-05-19T17:29:03Z,CTM1022,"21.790871,38.858135",8375,294,189
1684517346,2023-05-19T17:29:06Z,CTM1022,"21.786758,38.857693",8475,295,186
1684517348,2023-05-19T17:29:08Z,CTM1022,"21.782684,38.857594",8575,296,183
1684517351,2023-05-19T17:29:11Z,CTM1022,"21.779297,38.857742",8675,299,177
1684517354,2023-05-19T17:29:14Z,CTM1022,"21.774902,38.858444",8775,300,173
1684517358,2023-05-19T17:29:18Z,CTM1022,"21.77076,38.859509",8900,303,167
1684517361,2023-05-19T17:29:21Z,CTM1022,"21.765545,38.861389",9000,305,162
1684517363,2023-05-19T17:29:23Z,CTM1022,"21.762753,38.862713",9075,306,158
1684517367,2023-05-19T17:29:27Z,CTM1022,"21.757864,38.865612",9175,309,152
1684517369,2023-05-19T17:29:29Z,CTM1022,"21.755127,38.86758",9275,310,147
1684517372,2023-05-19T17:29:32Z,CTM1022,"21.750778,38.871376",9375,312,142
1684517375,2023-05-19T17:29:35Z,CTM1022,"21.748489,38.873672",9500,313,136
1684517378,2023-05-19T17:29:38Z,CTM1022,"21.744225,38.878174",9600,313,135
1684517381,2023-05-19T17:29:41Z,CTM1022,"21.741106,38.881481",9725,315,135
1684517384,2023-05-19T17:29:44Z,CTM1022,"21.738007,38.884811",9850,314,135
1684517387,2023-05-19T17:29:47Z,CTM1022,"21.735006,38.887989",9950,315,135
1684517390,2023-05-19T17:29:50Z,CTM1022,"21.731735,38.891502",10075,315,135
1684517394,2023-05-19T17:29:54Z,CTM1022,"21.728622,38.894897",10200,316,134
1684517397,2023-05-19T17:29:57Z,CTM1022,"21.725418,38.898418",10325,316,134
1684517409,2023-05-19T17:30:09Z,CTM1022,"21.713034,38.912251",10800,316,133
1684517421,2023-05-19T17:30:21Z,CTM1022,"21.701065,38.92551",11300,316,134
1684517433,2023-05-19T17:30:33Z,CTM1022,"21.688223,38.939564",11775,316,134
1684517445,2023-05-19T17:30:45Z,CTM1022,"21.676849,38.952225",12225,316,133
1684517475,2023-05-19T17:31:15Z,CTM1022,"21.645441,38.987682",13425,316,133
1684517508,2023-05-19T17:31:48Z,CTM1022,"21.613358,39.023788",14500,321,134
1684517538,2023-05-19T17:32:18Z,CTM1022,"21.580034,39.060162",15425,330,134
1684517572,2023-05-19T17:32:52Z,CTM1022,"21.544468,39.099781",16575,331,133
1684517602,2023-05-19T17:33:22Z,CTM1022,"21.512115,39.136707",17575,336,132
1684517636,2023-05-19T17:33:56Z,CTM1022,"21.476074,39.177048",18650,337,134
1684517697,2023-05-19T17:34:57Z,CTM1022,"21.407652,39.251965",20450,345,133
1684517758,2023-05-19T17:35:58Z,CTM1022,"21.338425,39.328758",21825,362,133
1684517819,2023-05-19T17:36:59Z,CTM1022,"21.265947,39.409027",23175,376,133
1684517880,2023-05-19T17:38:00Z,CTM1022,"21.190905,39.491985",24475,389,133
1684517941,2023-05-19T17:39:01Z,CTM1022,"21.112701,39.578297",25500,406,134
1684518002,2023-05-19T17:40:02Z,CTM1022,"21.028198,39.663292",26725,413,140
1684518063,2023-05-19T17:41:03Z,CTM1022,"20.938522,39.744709",27925,419,139
1684518124,2023-05-19T17:42:04Z,CTM1022,"20.84828,39.828136",29050,425,139
1684518185,2023-05-19T17:43:05Z,CTM1022,"20.756247,39.912479",30125,430,139
1684518246,2023-05-19T17:44:06Z,CTM1022,"20.663282,39.997425",31075,436,139
1684518307,2023-05-19T17:45:07Z,CTM1022,"20.570038,40.083817",32025,439,138
1684518368,2023-05-19T17:46:08Z,CTM1022,"20.477188,40.173176",32775,445,137
1684518428,2023-05-19T17:47:08Z,CTM1022,"20.383621,40.262047",33675,445,138
1684518492,2023-05-19T17:48:12Z,CTM1022,"20.283602,40.356728",34200,456,138
1684518553,2023-05-19T17:49:13Z,CTM1022,"20.187798,40.447067",35100,454,138
1684518617,2023-05-19T17:50:17Z,CTM1022,"20.087942,40.5415",36025,451,138
1684518679,2023-05-19T17:51:19Z,CTM1022,"19.991159,40.633286",36425,456,138
1684518741,2023-05-19T17:52:21Z,CTM1022,"19.892578,40.727104",36700,465,138
1684518804,2023-05-19T17:53:24Z,CTM1022,"19.791824,40.82275",36950,474,137
1684518865,2023-05-19T17:54:25Z,CTM1022,"19.689455,40.920128",37000,487,138
1684518927,2023-05-19T17:55:27Z,CTM1022,"19.584869,41.019417",37000,491,137
1684518965,2023-05-19T17:56:05Z,CTM1022,"19.524008,41.08757",37000,496,127
1684518969,2023-05-19T17:56:09Z,CTM1022,"19.519726,41.094112",37000,496,125
1684518972,2023-05-19T17:56:12Z,CTM1022,"19.515793,41.100883",37000,498,122
1684518975,2023-05-19T17:56:15Z,CTM1022,"19.512268,41.107307",37000,499,120
1684518979,2023-05-19T17:56:19Z,CTM1022,"19.508926,41.113979",37000,500,118
1684518981,2023-05-19T17:56:21Z,CTM1022,"19.505814,41.120747",37000,500,116
1684518985,2023-05-19T17:56:25Z,CTM1022,"19.501968,41.130066",37000,502,113
1684518988,2023-05-19T17:56:28Z,CTM1022,"19.499313,41.137375",37000,502,111
1684518991,2023-05-19T17:56:31Z,CTM1022,"19.497116,41.144043",37000,503,109
1684518995,2023-05-19T17:56:35Z,CTM1022,"19.494354,41.153587",37000,504,106
1684518998,2023-05-19T17:56:38Z,CTM1022,"19.49268,41.160229",37000,504,105
1684519001,2023-05-19T17:56:41Z,CTM1022,"19.491049,41.16737",37000,506,103
1684519004,2023-05-19T17:56:44Z,CTM1022,"19.489563,41.174549",37000,506,102
1684519008,2023-05-19T17:56:48Z,CTM1022,"19.487604,41.184799",37000,507,101
1684519011,2023-05-19T17:56:51Z,CTM1022,"19.486404,41.191372",37000,508,101
1684519015,2023-05-19T17:56:55Z,CTM1022,"19.484858,41.199978",37000,508,100
1684519017,2023-05-19T17:56:57Z,CTM1022,"19.483648,41.20702",37000,508,100
1684519079,2023-05-19T17:57:59Z,CTM1022,"19.457672,41.356136",37000,510,100
1684519140,2023-05-19T17:59:00Z,CTM1022,"19.430923,41.507133",37000,510,100
1684519202,2023-05-19T18:00:02Z,CTM1022,"19.403624,41.659958",37000,511,100
1684519264,2023-05-19T18:01:04Z,CTM1022,"19.37923,41.812565",37000,512,91
1684519267,2023-05-19T18:01:07Z,CTM1022,"19.379333,41.82093",37000,512,89
1684519271,2023-05-19T18:01:11Z,CTM1022,"19.379745,41.828876",37000,512,87
1684519274,2023-05-19T18:01:14Z,CTM1022,"19.380432,41.836674",37000,512,84
1684519277,2023-05-19T18:01:17Z,CTM1022,"19.381327,41.843826",37000,512,82
1684519281,2023-05-19T18:01:21Z,CTM1022,"19.382721,41.852516",37025,512,80
1684519283,2023-05-19T18:01:23Z,CTM1022,"19.384094,41.860363",37025,512,79
1684519287,2023-05-19T18:01:27Z,CTM1022,"19.385605,41.868504",37025,512,78
1684519290,2023-05-19T18:01:30Z,CTM1022,"19.387053,41.875736",37000,513,78
1684519293,2023-05-19T18:01:33Z,CTM1022,"19.388494,41.882877",37000,514,78
1684519296,2023-05-19T18:01:36Z,CTM1022,"19.389999,41.890282",37000,514,77
1684519299,2023-05-19T18:01:39Z,CTM1022,"19.391602,41.897884",37000,513,77
1684519360,2023-05-19T18:02:40Z,CTM1022,"19.430578,42.047073",37000,516,69
1684519421,2023-05-19T18:03:41Z,CTM1022,"19.48082,42.19054",37000,516,69
1684519482,2023-05-19T18:04:42Z,CTM1022,"19.531597,42.335567",37000,516,69
1684519544,2023-05-19T18:05:44Z,CTM1022,"19.583363,42.483829",37000,516,69
1684519606,2023-05-19T18:06:46Z,CTM1022,"19.634354,42.630386",37000,516,69
1684519668,2023-05-19T18:07:48Z,CTM1022,"19.685032,42.776566",37000,517,69
1684519731,2023-05-19T18:08:51Z,CTM1022,"19.737591,42.928478",37000,519,69
1684519793,2023-05-19T18:09:53Z,CTM1022,"19.788099,43.075047",37000,516,70
1684519854,2023-05-19T18:10:54Z,CTM1022,"19.837189,43.218006",37000,505,70
1684519882,2023-05-19T18:11:22Z,CTM1022,"19.853506,43.287083",37000,503,80
1684519886,2023-05-19T18:11:26Z,CTM1022,"19.854858,43.29599",37000,503,80
1684519889,2023-05-19T18:11:29Z,CTM1022,"19.855927,43.30341",37000,504,81
1684519951,2023-05-19T18:12:31Z,CTM1022,"19.877434,43.453175",37000,501,81
1684520013,2023-05-19T18:13:33Z,CTM1022,"19.898712,43.603413",37000,497,81
1684520074,2023-05-19T18:14:34Z,CTM1022,"19.919357,43.751728",37000,498,81
1684520137,2023-05-19T18:15:37Z,CTM1022,"19.941376,43.903378",37000,499,81
1684520200,2023-05-19T18:16:40Z,CTM1022,"19.964127,44.057335",37000,498,81
1684520264,2023-05-19T18:17:44Z,CTM1022,"19.986465,44.211193",37000,498,81
1684520324,2023-05-19T18:18:44Z,CTM1022,"20.007267,44.3577",37000,501,81
1684520388,2023-05-19T18:19:48Z,CTM1022,"20.028542,44.512455",37000,506,81
1684520411,2023-05-19T18:20:11Z,CTM1022,"20.035904,44.568687",37000,506,82
1684520498,2023-05-19T18:21:38Z,CTM1022,"20.063223,44.785816",37000,520,82
1684520561,2023-05-19T18:22:41Z,CTM1022,"20.08342,44.946686",37000,524,82
1684520623,2023-05-19T18:23:43Z,CTM1022,"20.10466,45.105988",37000,521,81
1684520687,2023-05-19T18:24:47Z,CTM1022,"20.127869,45.265339",37000,519,81
1684520707,2023-05-19T18:25:07Z,CTM1022,"20.135193,45.315956",37000,517,81
1684520795,2023-05-19T18:26:35Z,CTM1022,"20.172821,45.537495",37000,403,79
1684520856,2023-05-19T18:27:36Z,CTM1022,"20.199249,45.689793",37000,521,79
1684524829,2023-05-19T19:33:49Z,CTM1022,"19.316071,55.162453",37000,388,108
1684524917,2023-05-19T19:35:17Z,CTM1022,"19.253168,55.364304",37000,494,108
1684524978,2023-05-19T19:36:18Z,CTM1022,"19.209503,55.50386",37000,494,108
1684525041,2023-05-19T19:37:21Z,CTM1022,"19.163834,55.649548",37000,496,108
1684525103,2023-05-19T19:38:23Z,CTM1022,"19.119324,55.790878",37000,497,108
1684525166,2023-05-19T19:39:26Z,CTM1022,"19.072769,55.938362",37000,499,108
1684525226,2023-05-19T19:40:26Z,CTM1022,"19.029053,56.076473",37000,499,108
1684525288,2023-05-19T19:41:28Z,CTM1022,"18.983597,56.219543",37000,498,108
1684525352,2023-05-19T19:42:32Z,CTM1022,"18.937042,56.365944",37000,497,108
1684525419,2023-05-19T19:43:39Z,CTM1022,"18.887825,56.520016",37000,499,108
1684525480,2023-05-19T19:44:40Z,CTM1022,"18.842716,56.660988",37000,491,108
1684525539,2023-05-19T19:45:39Z,CTM1022,"18.799438,56.79554",37000,490,108
1684525605,2023-05-19T19:46:45Z,CTM1022,"18.75152,56.944187",37000,490,108
1684525667,2023-05-19T19:47:47Z,CTM1022,"18.706692,57.082863",37000,490,108
1684525728,2023-05-19T19:48:48Z,CTM1022,"18.661972,57.220818",37000,490,108
1684525789,2023-05-19T19:49:49Z,CTM1022,"18.617249,57.358345",37000,489,108
1684525852,2023-05-19T19:50:52Z,CTM1022,"18.570944,57.500294",37000,488,108
1684525913,2023-05-19T19:51:53Z,CTM1022,"18.5263,57.637024",37000,488,108
1684525974,2023-05-19T19:52:54Z,CTM1022,"18.481518,57.773655",37000,488,108
1684526037,2023-05-19T19:53:57Z,CTM1022,"18.434872,57.915428",37000,488,108
1684526100,2023-05-19T19:55:00Z,CTM1022,"18.387726,58.058525",37000,488,109
1684526126,2023-05-19T19:55:26Z,CTM1022,"18.368629,58.116379",36700,491,109
1684526213,2023-05-19T19:56:53Z,CTM1022,"18.303223,58.313862",35275,492,109
1684526275,2023-05-19T19:57:55Z,CTM1022,"18.256897,58.453346",34250,500,109
1684526336,2023-05-19T19:58:56Z,CTM1022,"18.209373,58.596031",33225,512,109
1684526398,2023-05-19T19:59:58Z,CTM1022,"18.162727,58.73595",33000,490,109
1684526459,2023-05-19T20:00:59Z,CTM1022,"18.116642,58.873573",33000,489,109
1684526521,2023-05-19T20:02:01Z,CTM1022,"18.069992,59.012241",33000,491,109
1684526583,2023-05-19T20:03:03Z,CTM1022,"18.022699,59.152599",33000,492,109
1684526619,2023-05-19T20:03:39Z,CTM1022,"17.995697,59.232738",33000,492,109
1684526704,2023-05-19T20:05:04Z,CTM1022,"17.930603,59.425049",33000,491,109
1684526768,2023-05-19T20:06:08Z,CTM1022,"17.881851,59.568691",33000,488,109
1684526810,2023-05-19T20:06:50Z,CTM1022,"17.850409,59.66106",33000,488,109
1684526897,2023-05-19T20:08:17Z,CTM1022,"17.784073,59.855442",33000,487,109
1684526961,2023-05-19T20:09:21Z,CTM1022,"17.736124,59.997906",33000,489,107
1684527019,2023-05-19T20:10:19Z,CTM1022,"17.705446,60.13097",33000,489,103
1684527056,2023-05-19T20:10:56Z,CTM1022,"17.686066,60.216885",33000,490,103
1684527172,2023-05-19T20:12:52Z,CTM1022,"17.625887,60.484642",33000,491,103
1684527237,2023-05-19T20:13:57Z,CTM1022,"17.592087,60.634125",33000,490,103
1684527299,2023-05-19T20:14:59Z,CTM1022,"17.560156,60.77475",33000,488,103
1684527326,2023-05-19T20:15:26Z,CTM1022,"17.544979,60.841499",33000,487,103
1684527414,2023-05-19T20:16:54Z,CTM1022,"17.499435,61.0411",33000,486,103
1684527432,2023-05-19T20:17:12Z,CTM1022,"17.489914,61.082733",33000,486,103
1684527519,2023-05-19T20:18:39Z,CTM1022,"17.444138,61.282269",33000,487,103
1684527899,2023-05-19T20:24:59Z,CTM1022,"17.243637,62.14455",33000,484,103
1684531601,2023-05-19T21:26:41Z,CTM1022,"16.763718,70.378029",33000,481,118
1684531650,2023-05-19T21:27:30Z,CTM1022,"16.711121,70.478935",33000,483,118
1684531698,2023-05-19T21:28:18Z,CTM1022,"16.660767,70.575439",33000,483,118
1684531735,2023-05-19T21:28:55Z,CTM1022,"16.620621,70.652206",33000,482,118
1684531822,2023-05-19T21:30:22Z,CTM1022,"16.527603,70.829773",33000,488,118
1684531883,2023-05-19T21:31:23Z,CTM1022,"16.461365,70.95742",33000,490,118
1684531944,2023-05-19T21:32:24Z,CTM1022,"16.396164,71.083305",33000,490,118
1684531952,2023-05-19T21:32:32Z,CTM1022,"16.387024,71.100868",33000,490,118
1684532039,2023-05-19T21:33:59Z,CTM1022,"16.293795,71.280083",33000,489,118
1684532100,2023-05-19T21:35:00Z,CTM1022,"16.228018,71.406372",33000,488,118
1684532160,2023-05-19T21:36:00Z,CTM1022,"16.162844,71.531151",33000,488,118
1684532222,2023-05-19T21:37:02Z,CTM1022,"16.096573,71.657845",33000,489,118
1684532283,2023-05-19T21:38:03Z,CTM1022,"16.032349,71.784233",33000,490,117
1684532344,2023-05-19T21:39:04Z,CTM1022,"15.967438,71.912117",33000,490,117
1684532404,2023-05-19T21:40:04Z,CTM1022,"15.903222,72.038086",33000,489,117
1684532466,2023-05-19T21:41:06Z,CTM1022,"15.838002,72.16571",33000,489,117
1684532529,2023-05-19T21:42:09Z,CTM1022,"15.771013,72.296661",33000,487,117
1684532590,2023-05-19T21:43:10Z,CTM1022,"15.706467,72.422646",33000,486,117
1684532651,2023-05-19T21:44:11Z,CTM1022,"15.642483,72.547287",33000,486,117
1684532712,2023-05-19T21:45:12Z,CTM1022,"15.577962,72.672699",33000,484,117
1684532774,2023-05-19T21:46:14Z,CTM1022,"15.512928,72.798943",33000,481,117
1684532836,2023-05-19T21:47:16Z,CTM1022,"15.448013,72.92469",33000,481,118
1684532896,2023-05-19T21:48:16Z,CTM1022,"15.384064,73.048386",33000,482,118
1684532960,2023-05-19T21:49:20Z,CTM1022,"15.31723,73.177376",33000,481,118
1684533021,2023-05-19T21:50:21Z,CTM1022,"15.252914,73.301262",33000,484,118
1684533081,2023-05-19T21:51:21Z,CTM1022,"15.188095,73.426163",33000,492,118
1684533142,2023-05-19T21:52:22Z,CTM1022,"15.121936,73.553123",33000,494,118
1684533206,2023-05-19T21:53:26Z,CTM1022,"15.053365,73.684662",33000,493,118
1684533267,2023-05-19T21:54:27Z,CTM1022,"14.987307,73.811401",33000,493,118
1684533327,2023-05-19T21:55:27Z,CTM1022,"14.922546,73.937653",33000,494,117
1684533388,2023-05-19T21:56:28Z,CTM1022,"14.857315,74.064377",33900,494,117
1684533451,2023-05-19T21:57:31Z,CTM1022,"14.790483,74.193947",35300,488,117
1684533514,2023-05-19T21:58:34Z,CTM1022,"14.723465,74.323601",36475,484,117
1684533576,2023-05-19T21:59:36Z,CTM1022,"14.657181,74.451508",37000,490,118
1684533639,2023-05-19T22:00:39Z,CTM1022,"14.590805,74.579552",37000,487,118
1684533700,2023-05-19T22:01:40Z,CTM1022,"14.525711,74.704903",37000,486,118
1684533761,2023-05-19T22:02:41Z,CTM1022,"14.460526,74.830109",37000,485,118
1684533823,2023-05-19T22:03:43Z,CTM1022,"14.395163,74.95562",37000,485,118
1684533884,2023-05-19T22:04:44Z,CTM1022,"14.330383,75.079666",37000,486,118
1684533944,2023-05-19T22:05:44Z,CTM1022,"14.265841,75.203056",37025,484,118
1684534007,2023-05-19T22:06:47Z,CTM1022,"14.198293,75.332146",37000,494,118
1684534069,2023-05-19T22:07:49Z,CTM1022,"14.13089,75.46064",37000,491,118
1684534132,2023-05-19T22:08:52Z,CTM1022,"14.063478,75.588875",37000,488,118
1684534192,2023-05-19T22:09:52Z,CTM1022,"13.998596,75.71228",37000,488,118
1684534255,2023-05-19T22:10:55Z,CTM1022,"13.931763,75.839096",37000,487,118
1684534316,2023-05-19T22:11:56Z,CTM1022,"13.866989,75.961838",37000,488,118
1684534379,2023-05-19T22:12:59Z,CTM1022,"13.797432,76.09343",37000,484,118
1684534441,2023-05-19T22:14:01Z,CTM1022,"13.731606,76.217751",37000,482,118
1684534502,2023-05-19T22:15:02Z,CTM1022,"13.667313,76.33902",37000,480,118
1684534565,2023-05-19T22:16:05Z,CTM1022,"13.59938,76.466927",37000,482,118
1684534625,2023-05-19T22:17:05Z,CTM1022,"13.535156,76.587769",37375,480,118
1684534687,2023-05-19T22:18:07Z,CTM1022,"13.469704,76.71064",38525,472,118
1684534750,2023-05-19T22:19:10Z,CTM1022,"13.404018,76.8339",39000,475,118
1684534811,2023-05-19T22:20:11Z,CTM1022,"13.339874,76.953972",39000,477,118
1684534874,2023-05-19T22:21:14Z,CTM1022,"13.272858,77.079178",39000,476,118
1684534934,2023-05-19T22:22:14Z,CTM1022,"13.209137,77.198135",39000,475,118
1684534995,2023-05-19T22:23:15Z,CTM1022,"13.14473,77.318176",39000,475,118
1684535059,2023-05-19T22:24:19Z,CTM1022,"13.077175,77.443932",39000,474,118
1684535121,2023-05-19T22:25:21Z,CTM1022,"13.011024,77.566948",39000,474,118
1684535183,2023-05-19T22:26:23Z,CTM1022,"12.94574,77.689728",39000,472,116
1684535246,2023-05-19T22:27:26Z,CTM1022,"12.889801,77.815216",39000,471,114
1684535308,2023-05-19T22:28:28Z,CTM1022,"12.833084,77.94194",39000,470,114
1684535368,2023-05-19T22:29:28Z,CTM1022,"12.778336,78.064209",39000,468,114
1684535430,2023-05-19T22:30:30Z,CTM1022,"12.722866,78.187912",39000,468,114
1684535492,2023-05-19T22:31:32Z,CTM1022,"12.667236,78.311775",39000,468,114
1684535553,2023-05-19T22:32:33Z,CTM1022,"12.611421,78.435829",39000,470,114
1684535614,2023-05-19T22:33:34Z,CTM1022,"12.555604,78.559761",39000,475,114
1684535676,2023-05-19T22:34:36Z,CTM1022,"12.499183,78.684853",39000,475,114
1684535737,2023-05-19T22:35:37Z,CTM1022,"12.442795,78.809761",39000,471,114
1684535799,2023-05-19T22:36:39Z,CTM1022,"12.386581,78.934021",39000,472,114
1684535860,2023-05-19T22:37:40Z,CTM1022,"12.329825,79.059303",39000,472,114
1684535920,2023-05-19T22:38:40Z,CTM1022,"12.274109,79.182114",39000,470,114
1684535984,2023-05-19T22:39:44Z,CTM1022,"12.215973,79.31002",39000,469,114
1684536048,2023-05-19T22:40:48Z,CTM1022,"12.15749,79.438622",39000,468,114
1684536112,2023-05-19T22:41:52Z,CTM1022,"12.099951,79.564919",39000,467,114
1684536173,2023-05-19T22:42:53Z,CTM1022,"12.04509,79.688431",39000,465,113
1684536235,2023-05-19T22:43:55Z,CTM1022,"11.992275,79.810951",39000,463,113
1684536297,2023-05-19T22:44:57Z,CTM1022,"11.938694,79.934067",39000,462,113
1684536357,2023-05-19T22:45:57Z,CTM1022,"11.885764,80.055351",39000,462,113
1684536419,2023-05-19T22:46:59Z,CTM1022,"11.830879,80.180634",39000,463,114
1684536480,2023-05-19T22:48:00Z,CTM1022,"11.77725,80.301674",39000,460,114
1684536541,2023-05-19T22:49:01Z,CTM1022,"11.72438,80.421295",39000,458,114
1684536602,2023-05-19T22:50:02Z,CTM1022,"11.671188,80.541389",39000,459,114
1684536663,2023-05-19T22:51:03Z,CTM1022,"11.617391,80.662727",39000,460,114
1684536727,2023-05-19T22:52:07Z,CTM1022,"11.561737,80.788055",39000,461,114
1684536788,2023-05-19T22:53:08Z,CTM1022,"11.507675,80.90976",39000,462,114
1684536849,2023-05-19T22:54:09Z,CTM1022,"11.453712,81.030914",39000,463,114
1684536909,2023-05-19T22:55:09Z,CTM1022,"11.400178,81.151039",39000,463,114
1684536972,2023-05-19T22:56:12Z,CTM1022,"11.344345,81.276192",39000,464,114
1684537034,2023-05-19T22:57:14Z,CTM1022,"11.28978,81.398132",39000,464,114
1684537095,2023-05-19T22:58:15Z,CTM1022,"11.235626,81.519119",39000,463,114
1684537156,2023-05-19T22:59:16Z,CTM1022,"11.181196,81.64061",39000,465,114
1684537217,2023-05-19T23:00:17Z,CTM1022,"11.125938,81.76358",39000,466,114
1684537278,2023-05-19T23:01:18Z,CTM1022,"11.071054,81.88578",39000,468,114
1684537340,2023-05-19T23:02:20Z,CTM1022,"11.016308,82.007545",39000,464,114
1684537401,2023-05-19T23:03:21Z,CTM1022,"10.961283,82.129738",39000,463,114
1684537462,2023-05-19T23:04:22Z,CTM1022,"10.906538,82.251076",39000,464,114
1684537523,2023-05-19T23:05:23Z,CTM1022,"10.851652,82.372452",39000,466,114
1684537551,2023-05-19T23:05:51Z,CTM1022,"10.830936,82.428543",39000,466,103
1684537553,2023-05-19T23:05:53Z,CTM1022,"10.829912,82.434181",39000,465,100
1684537556,2023-05-19T23:05:56Z,CTM1022,"10.828889,82.440781",39000,465,98
1684537560,2023-05-19T23:06:00Z,CTM1022,"10.828097,82.44738",39000,466,96
1684537562,2023-05-19T23:06:02Z,CTM1022,"10.827576,82.45443",39000,465,94
1684537566,2023-05-19T23:06:06Z,CTM1022,"10.827259,82.461357",39000,466,92
1684537569,2023-05-19T23:06:09Z,CTM1022,"10.827259,82.468002",39000,466,90
1684537572,2023-05-19T23:06:12Z,CTM1022,"10.82753,82.474792",39000,466,88
1684537575,2023-05-19T23:06:15Z,CTM1022,"10.828033,82.482224",39000,466,85
1684537578,2023-05-19T23:06:18Z,CTM1022,"10.828749,82.488625",39000,466,83
1684537581,2023-05-19T23:06:21Z,CTM1022,"10.829679,82.495422",39000,467,81
1684537584,2023-05-19T23:06:24Z,CTM1022,"10.83078,82.502113",39000,467,80
1684537587,2023-05-19T23:06:27Z,CTM1022,"10.831879,82.508415",39000,467,80
1684537590,2023-05-19T23:06:30Z,CTM1022,"10.832977,82.514946",39000,467,80
1684537593,2023-05-19T23:06:33Z,CTM1022,"10.83373,82.519615",39000,467,80
1684537597,2023-05-19T23:06:37Z,CTM1022,"10.835219,82.52877",39000,467,80
1684537658,2023-05-19T23:07:38Z,CTM1022,"10.855563,82.661469",39000,466,81
1684537718,2023-05-19T23:08:38Z,CTM1022,"10.87587,82.792641",39000,467,81
1684537780,2023-05-19T23:09:40Z,CTM1022,"10.896203,82.925865",39000,469,81
1684537841,2023-05-19T23:10:41Z,CTM1022,"10.916174,83.059097",39000,469,81
1684537894,2023-05-19T23:11:34Z,CTM1022,"10.933584,83.175415",39000,468,81
1684537981,2023-05-19T23:13:01Z,CTM1022,"10.963028,83.363312",39000,469,76
1684537990,2023-05-19T23:13:10Z,CTM1022,"10.969197,83.381554",39000,470,69
1684537992,2023-05-19T23:13:12Z,CTM1022,"10.97185,83.387917",39000,470,67
1684537995,2023-05-19T23:13:15Z,CTM1022,"10.974609,83.393806",39000,470,65
1684537999,2023-05-19T23:13:19Z,CTM1022,"10.977676,83.399918",39000,470,63
1684538002,2023-05-19T23:13:22Z,CTM1022,"10.980927,83.405975",39025,470,61
1684538005,2023-05-19T23:13:25Z,CTM1022,"10.984373,83.412155",39000,471,60
1684538008,2023-05-19T23:13:28Z,CTM1022,"10.987771,83.41832",39000,470,60
1684538011,2023-05-19T23:13:31Z,CTM1022,"10.99118,83.424538",39000,471,60
1684538014,2023-05-19T23:13:34Z,CTM1022,"10.994242,83.43013",39000,471,61
1684538075,2023-05-19T23:14:35Z,CTM1022,"11.058112,83.549004",39000,473,61
1684538106,2023-05-19T23:15:06Z,CTM1022,"11.090057,83.608513",39000,472,61
1684538195,2023-05-19T23:16:35Z,CTM1022,"11.183198,83.781883",39000,313,61
1684538256,2023-05-19T23:17:36Z,CTM1022,"11.246974,83.900856",39000,472,61
1684538287,2023-05-19T23:18:07Z,CTM1022,"11.27998,83.962486",39000,473,61
1684538366,2023-05-19T23:19:26Z,CTM1022,"11.362749,84.117111",39000,474,61
1684538553,2023-05-19T23:22:33Z,CTM1022,"11.469587,84.513145",39000,476,81
1684538616,2023-05-19T23:23:36Z,CTM1022,"11.490024,84.653801",39000,476,81
1684538646,2023-05-19T23:24:06Z,CTM1022,"11.499892,84.72184",39000,476,81
1684538679,2023-05-19T23:24:39Z,CTM1022,"11.510284,84.793854",39000,475,81
1684538825,2023-05-19T23:27:05Z,CTM1022,"11.556128,85.112389",39000,475,81
1684542168,2023-05-20T00:22:48Z,CTM1022,"12.246323,92.468132",39000,465,85
1684542229,2023-05-20T00:23:49Z,CTM1022,"12.257172,92.603668",39000,467,85
1684542291,2023-05-20T00:24:51Z,CTM1022,"12.267911,92.738533",39000,468,85
1684542354,2023-05-20T00:25:54Z,CTM1022,"12.278915,92.878136",39000,468,85
1684542415,2023-05-20T00:26:55Z,CTM1022,"12.28949,93.012672",39000,468,85
1684542478,2023-05-20T00:27:58Z,CTM1022,"12.300405,93.152496",39000,468,85
1684542541,2023-05-20T00:29:01Z,CTM1022,"12.31105,93.289696",39000,467,85
1684542604,2023-05-20T00:30:04Z,CTM1022,"12.321818,93.429855",39000,467,85
1684542666,2023-05-20T00:31:06Z,CTM1022,"12.332153,93.565063",39000,469,85
1684542729,2023-05-20T00:32:09Z,CTM1022,"12.342865,93.706131",39000,470,85
1684542793,2023-05-20T00:33:13Z,CTM1022,"12.353195,93.843338",39000,470,85
1684542857,2023-05-20T00:34:17Z,CTM1022,"12.364041,93.987511",39000,470,85
1684542920,2023-05-20T00:35:20Z,CTM1022,"12.374542,94.128113",39000,468,85
1684542983,2023-05-20T00:36:23Z,CTM1022,"12.384711,94.265877",39000,469,85
1684543044,2023-05-20T00:37:24Z,CTM1022,"12.394638,94.399834",39000,470,85
1684543082,2023-05-20T00:38:02Z,CTM1022,"12.409836,94.484459",39000,472,73
1684543090,2023-05-20T00:38:10Z,CTM1022,"12.415695,94.500938",39000,472,69
1684543093,2023-05-20T00:38:13Z,CTM1022,"12.418648,94.508011",39000,472,67
1684543097,2023-05-20T00:38:17Z,CTM1022,"12.421766,94.515091",39000,472,66
1684543100,2023-05-20T00:38:20Z,CTM1022,"12.424896,94.52182",39000,472,64
1684543103,2023-05-20T00:38:23Z,CTM1022,"12.427865,94.528152",39000,473,64
1684543107,2023-05-20T00:38:27Z,CTM1022,"12.431356,94.535568",39000,472,64
1684543171,2023-05-20T00:39:31Z,CTM1022,"12.490402,94.666161",39000,473,65
1684543233,2023-05-20T00:40:33Z,CTM1022,"12.547411,94.792496",39000,474,65
1684543295,2023-05-20T00:41:35Z,CTM1022,"12.604614,94.919273",39000,472,65
1684543360,2023-05-20T00:42:40Z,CTM1022,"12.663139,95.049232",39000,470,65
1684543423,2023-05-20T00:43:43Z,CTM1022,"12.720474,95.176689",39000,468,65
1684543486,2023-05-20T00:44:46Z,CTM1022,"12.77803,95.304955",39000,468,65
1684544144,2023-05-20T00:55:44Z,CTM1022,"13.377158,96.626877",39000,467,65
1684544208,2023-05-20T00:56:48Z,CTM1022,"13.434723,96.7547",39000,466,65
1684544248,2023-05-20T00:57:28Z,CTM1022,"13.470886,96.83506",39000,464,65
1684544419,2023-05-20T01:00:19Z,CTM1022,"13.624257,97.176865",39000,464,65
1684544482,2023-05-20T01:01:22Z,CTM1022,"13.680634,97.302834",39000,465,65
1684544545,2023-05-20T01:02:25Z,CTM1022,"13.7371,97.429214",39000,464,65
1684544606,2023-05-20T01:03:26Z,CTM1022,"13.792191,97.552818",39075,463,65
1684544661,2023-05-20T01:04:21Z,CTM1022,"13.844775,97.659203",39525,459,54
1684544664,2023-05-20T01:04:24Z,CTM1022,"13.84877,97.664337",39550,459,52
1684544665,2023-05-20T01:04:25Z,CTM1022,"13.850082,97.665901",39550,459,51
1684544669,2023-05-20T01:04:29Z,CTM1022,"13.856094,97.672905",39575,460,48
1684544670,2023-05-20T01:04:30Z,CTM1022,"13.857788,97.674759",39600,460,47
1684544675,2023-05-20T01:04:35Z,CTM1022,"13.86557,97.682709",39650,461,45
1684544679,2023-05-20T01:04:39Z,CTM1022,"13.869186,97.686073",39675,461,43
1684544681,2023-05-20T01:04:41Z,CTM1022,"13.874196,97.690475",39675,461,41
1684544701,2023-05-20T01:05:01Z,CTM1022,"13.910787,97.714958",39850,463,29
1684544706,2023-05-20T01:05:06Z,CTM1022,"13.920502,97.719597",39900,464,25
1684544707,2023-05-20T01:05:07Z,CTM1022,"13.922378,97.720451",39900,465,24
1684544710,2023-05-20T01:05:10Z,CTM1022,"13.928055,97.722824",39925,465,22
1684544716,2023-05-20T01:05:16Z,CTM1022,"13.940487,97.727242",39975,467,18
1684544737,2023-05-20T01:05:37Z,CTM1022,"13.985733,97.735703",40000,472,6
1684544743,2023-05-20T01:05:43Z,CTM1022,"14.000336,97.736031",40000,474,1
1684544752,2023-05-20T01:05:52Z,CTM1022,"14.017822,97.734894",40000,476,356
1684544758,2023-05-20T01:05:58Z,CTM1022,"14.029122,97.733315",40000,478,350
1684544763,2023-05-20T01:06:03Z,CTM1022,"14.040665,97.730873",40000,480,347
1684544768,2023-05-20T01:06:08Z,CTM1022,"14.051188,97.728065",40000,480,344
1684544774,2023-05-20T01:06:14Z,CTM1022,"14.065852,97.723053",40000,481,340
1684544778,2023-05-20T01:06:18Z,CTM1022,"14.073761,97.720123",40000,481,340
1684544784,2023-05-20T01:06:24Z,CTM1022,"14.086474,97.715439",40000,482,340
1684544845,2023-05-20T01:07:25Z,CTM1022,"14.213609,97.669418",40000,479,340
1684544906,2023-05-20T01:08:26Z,CTM1022,"14.341394,97.622826",40000,455,340
1684544968,2023-05-20T01:09:28Z,CTM1022,"14.464152,97.577919",40000,453,340
1684545031,2023-05-20T01:10:31Z,CTM1022,"14.588791,97.53241",40000,457,340
1684545094,2023-05-20T01:11:34Z,CTM1022,"14.715488,97.486076",40000,460,340
1684545155,2023-05-20T01:12:35Z,CTM1022,"14.838364,97.441071",40000,461,340
1684545216,2023-05-20T01:13:36Z,CTM1022,"14.961889,97.39576",40000,462,340
1684545278,2023-05-20T01:14:38Z,CTM1022,"15.087662,97.349564",40000,463,340
1684545339,2023-05-20T01:15:39Z,CTM1022,"15.210944,97.304291",40000,463,340
1684545400,2023-05-20T01:16:40Z,CTM1022,"15.333329,97.259216",40000,460,340
1684545463,2023-05-20T01:17:43Z,CTM1022,"15.457484,97.213455",40000,458,340
1684545524,2023-05-20T01:18:44Z,CTM1022,"15.581639,97.167648",40000,457,340
1684545586,2023-05-20T01:19:46Z,CTM1022,"15.703234,97.122673",40000,458,340
1684545647,2023-05-20T01:20:47Z,CTM1022,"15.825806,97.077316",40000,455,340
1684545709,2023-05-20T01:21:49Z,CTM1022,"15.949867,97.031349",40000,456,340
1684545770,2023-05-20T01:22:50Z,CTM1022,"16.072083,96.986",40000,459,340
1684545832,2023-05-20T01:23:52Z,CTM1022,"16.198013,96.939171",40000,460,340
1684545894,2023-05-20T01:24:54Z,CTM1022,"16.3228,96.892815",40000,461,340
1684545956,2023-05-20T01:25:56Z,CTM1022,"16.447836,96.846245",40000,461,340
1684546018,2023-05-20T01:26:58Z,CTM1022,"16.571274,96.800201",40000,458,340
1684546079,2023-05-20T01:27:59Z,CTM1022,"16.693726,96.754532",40000,455,340
1684546142,2023-05-20T01:29:02Z,CTM1022,"16.818649,96.707733",40000,453,340
1684546204,2023-05-20T01:30:04Z,CTM1022,"16.939987,96.662277",40000,452,340
1684546267,2023-05-20T01:31:07Z,CTM1022,"17.065384,96.615265",40000,450,340
1684546328,2023-05-20T01:32:08Z,CTM1022,"17.18399,96.570839",40000,448,340
1684546390,2023-05-20T01:33:10Z,CTM1022,"17.310171,96.543633",40000,448,354
1684546451,2023-05-20T01:34:11Z,CTM1022,"17.437956,96.546432",40000,451,7
1684546513,2023-05-20T01:35:13Z,CTM1022,"17.565695,96.572128",40000,450,11
1684546575,2023-05-20T01:36:15Z,CTM1022,"17.692318,96.598709",40000,452,11
1684546636,2023-05-20T01:37:16Z,CTM1022,"17.817902,96.625336",40000,451,11
1684546700,2023-05-20T01:38:20Z,CTM1022,"17.948402,96.652954",40000,449,11
1684546760,2023-05-20T01:39:20Z,CTM1022,"18.071951,96.679146",40000,451,11
1684546823,2023-05-20T01:40:23Z,CTM1022,"18.199783,96.706253",40000,453,11
1684546884,2023-05-20T01:41:24Z,CTM1022,"18.327118,96.733345",40000,453,11
1684546946,2023-05-20T01:42:26Z,CTM1022,"18.45433,96.760513",40000,453,11
1684547007,2023-05-20T01:43:27Z,CTM1022,"18.57951,96.787201",40000,454,11
1684547070,2023-05-20T01:44:30Z,CTM1022,"18.708321,96.814766",40000,452,11
1684547133,2023-05-20T01:45:33Z,CTM1022,"18.838993,96.842735",40000,453,11
1684547196,2023-05-20T01:46:36Z,CTM1022,"18.969618,96.87075",40000,455,11
1684547260,2023-05-20T01:47:40Z,CTM1022,"19.10083,96.898872",40000,457,11
1684547322,2023-05-20T01:48:42Z,CTM1022,"19.229519,96.926529",40000,458,11
1684547385,2023-05-20T01:49:45Z,CTM1022,"19.361115,96.954834",40000,457,11
1684547448,2023-05-20T01:50:48Z,CTM1022,"19.492081,96.983086",40000,457,11
1684547509,2023-05-20T01:51:49Z,CTM1022,"19.619394,97.010628",40000,457,11
1684547571,2023-05-20T01:52:51Z,CTM1022,"19.747879,97.038445",40000,456,11
1684547632,2023-05-20T01:53:52Z,CTM1022,"19.87343,97.065659",40000,456,11
1684547694,2023-05-20T01:54:54Z,CTM1022,"20.00252,97.093674",40000,457,11
1684547757,2023-05-20T01:55:57Z,CTM1022,"20.134821,97.122437",39525,462,11
1684547820,2023-05-20T01:57:00Z,CTM1022,"20.264793,97.150803",39000,456,11
1684547841,2023-05-20T01:57:21Z,CTM1022,"20.308502,97.160294",38975,455,11
1684547937,2023-05-20T01:58:57Z,CTM1022,"20.506586,97.203537",39000,452,11
1684548000,2023-05-20T02:00:00Z,CTM1022,"20.636328,97.231949",39000,451,11
1684548062,2023-05-20T02:01:02Z,CTM1022,"20.763199,97.259804",39000,450,11
1684549242,2023-05-20T02:20:42Z,CTM1022,"23.055229,97.985023",39000,464,61
1684549333,2023-05-20T02:22:13Z,CTM1022,"23.128176,98.184715",39000,466,69
1684549396,2023-05-20T02:23:16Z,CTM1022,"23.175892,98.325043",39000,467,69
1684549461,2023-05-20T02:24:21Z,CTM1022,"23.223175,98.464966",39000,467,69
1684549525,2023-05-20T02:25:25Z,CTM1022,"23.272018,98.609535",39000,468,70
1684549557,2023-05-20T02:25:57Z,CTM1022,"23.295391,98.679146",39000,468,70
1684549619,2023-05-20T02:26:59Z,CTM1022,"23.354094,98.854012",39000,468,70
1684549665,2023-05-20T02:27:45Z,CTM1022,"23.38806,98.956146",39000,468,70
1684549717,2023-05-20T02:28:37Z,CTM1022,"23.424061,99.072769",39000,468,71
1684549904,2023-05-20T02:31:44Z,CTM1022,"23.56712,99.482079",39000,465,60
1684549956,2023-05-20T02:32:36Z,CTM1022,"23.62303,99.58934",39000,469,60
1684550049,2023-05-20T02:34:09Z,CTM1022,"23.722595,99.780525",39000,468,60
1684550088,2023-05-20T02:34:48Z,CTM1022,"23.763611,99.859612",39000,467,60
1684550145,2023-05-20T02:35:45Z,CTM1022,"23.824909,99.977982",39000,465,60
1684550217,2023-05-20T02:36:57Z,CTM1022,"23.884882,100.130745",39000,465,61
1684550244,2023-05-20T02:37:24Z,CTM1022,"23.912348,100.184067",39000,469,60
1684550329,2023-05-20T02:38:49Z,CTM1022,"24.002287,100.35923",39000,468,60
1684550390,2023-05-20T02:39:50Z,CTM1022,"24.067062,100.485588",39000,468,60
1684550452,2023-05-20T02:40:52Z,CTM1022,"24.13431,100.617455",39000,469,61
1684550514,2023-05-20T02:41:54Z,CTM1022,"24.198532,100.746254",39000,470,61
1684550578,2023-05-20T02:42:58Z,CTM1022,"24.264999,100.879265",39100,468,61
1684550639,2023-05-20T02:43:59Z,CTM1022,"24.328619,101.006645",39100,479,61
1684550701,2023-05-20T02:45:01Z,CTM1022,"24.394272,101.13871",39125,484,61
1684550765,2023-05-20T02:46:05Z,CTM1022,"24.46257,101.276451",39100,484,61
1684550829,2023-05-20T02:47:09Z,CTM1022,"24.529678,101.412254",39125,471,61
1684550889,2023-05-20T02:48:09Z,CTM1022,"24.593445,101.541649",39100,468,61
1684550950,2023-05-20T02:49:10Z,CTM1022,"24.655014,101.668091",39100,466,62
1684551012,2023-05-20T02:50:12Z,CTM1022,"24.717283,101.797501",39100,467,62
1684551076,2023-05-20T02:51:16Z,CTM1022,"24.781998,101.931763",39100,470,62
1684551139,2023-05-20T02:52:19Z,CTM1022,"24.846497,102.066193",39100,470,62
1684551200,2023-05-20T02:53:20Z,CTM1022,"24.907425,102.193352",39100,471,62
1684551262,2023-05-20T02:54:22Z,CTM1022,"24.970139,102.324883",39100,472,62
1684551323,2023-05-20T02:55:23Z,CTM1022,"25.033606,102.458344",39100,483,62
1684551386,2023-05-20T02:56:26Z,CTM1022,"25.111221,102.586159",39125,481,50
1684551448,2023-05-20T02:57:28Z,CTM1022,"25.20108,102.702026",39100,479,50
1684551465,2023-05-20T02:57:45Z,CTM1022,"25.221634,102.735542",39125,479,60
1684551471,2023-05-20T02:57:51Z,CTM1022,"25.226564,102.746475",39100,480,63
1684551475,2023-05-20T02:57:55Z,CTM1022,"25.230698,102.757263",39100,481,67
1684551480,2023-05-20T02:58:00Z,CTM1022,"25.235085,102.770569",39100,482,70
1684551486,2023-05-20T02:58:06Z,CTM1022,"25.239075,102.784019",39100,483,71
1684551509,2023-05-20T02:58:29Z,CTM1022,"25.260956,102.833305",39100,482,57
1684551515,2023-05-20T02:58:35Z,CTM1022,"25.269974,102.847137",39100,481,53
1684551521,2023-05-20T02:58:41Z,CTM1022,"25.278378,102.858253",39100,480,50
1684551527,2023-05-20T02:58:47Z,CTM1022,"25.286453,102.868599",39100,478,49
1684551533,2023-05-20T02:58:53Z,CTM1022,"25.294144,102.878517",39100,478,49
1684551595,2023-05-20T02:59:55Z,CTM1022,"25.381769,102.999939",39100,482,56
1684551658,2023-05-20T03:00:58Z,CTM1022,"25.458344,103.128563",39100,482,56
1684551723,2023-05-20T03:02:03Z,CTM1022,"25.535843,103.258156",39100,482,56
1684551785,2023-05-20T03:03:05Z,CTM1022,"25.613787,103.389275",39100,481,56
1684551848,2023-05-20T03:04:08Z,CTM1022,"25.69083,103.519196",39100,480,56
1684551879,2023-05-20T03:04:39Z,CTM1022,"25.729019,103.583679",39100,481,56
1684551948,2023-05-20T03:05:48Z,CTM1022,"25.813311,103.726379",39100,479,56
1684552003,2023-05-20T03:06:43Z,CTM1022,"25.88081,103.841011",39100,483,56
1684552068,2023-05-20T03:07:48Z,CTM1022,"25.95962,103.974983",39100,480,56
1684552128,2023-05-20T03:08:48Z,CTM1022,"26.033939,104.098831",39100,480,56
1684552245,2023-05-20T03:10:45Z,CTM1022,"26.177999,104.341072",39100,488,56
1684552306,2023-05-20T03:11:46Z,CTM1022,"26.25412,104.46962",39100,490,57
1684552426,2023-05-20T03:13:46Z,CTM1022,"26.402849,104.72184",39100,487,57
1684552486,2023-05-20T03:14:46Z,CTM1022,"26.476681,104.847443",39100,487,56
1684552546,2023-05-20T03:15:46Z,CTM1022,"26.5502,104.972969",39100,487,56
1684552606,2023-05-20T03:16:46Z,CTM1022,"26.61813,105.103561",39100,490,65
1684552666,2023-05-20T03:17:46Z,CTM1022,"26.674391,105.24411",39100,488,65
1684552767,2023-05-20T03:19:27Z,CTM1022,"26.766932,105.47509",39100,490,66
1684552830,2023-05-20T03:20:30Z,CTM1022,"26.825455,105.621986",39100,490,66
1684552898,2023-05-20T03:21:38Z,CTM1022,"26.887711,105.778961",39100,488,66
1684552966,2023-05-20T03:22:46Z,CTM1022,"26.949188,105.934425",39100,486,66
1684553028,2023-05-20T03:23:48Z,CTM1022,"27.006592,106.076935",39100,484,63
1684553048,2023-05-20T03:24:08Z,CTM1022,"27.025223,106.117203",39100,484,62
1684553133,2023-05-20T03:25:33Z,CTM1022,"27.113297,106.310135",39100,484,63
1684553195,2023-05-20T03:26:35Z,CTM1022,"27.177197,106.45092",39100,483,63
1684553258,2023-05-20T03:27:38Z,CTM1022,"27.240784,106.591011",39100,484,63
1684553321,2023-05-20T03:28:41Z,CTM1022,"27.304688,106.73233",39100,485,63
1684553381,2023-05-20T03:29:41Z,CTM1022,"27.365547,106.867714",39100,484,63
1684553510,2023-05-20T03:31:50Z,CTM1022,"27.49617,107.15847",39100,487,63
1684553571,2023-05-20T03:32:51Z,CTM1022,"27.557236,107.293724",39100,489,63
1684553634,2023-05-20T03:33:54Z,CTM1022,"27.623245,107.440331",39100,492,63
1684553649,2023-05-20T03:34:09Z,CTM1022,"27.638063,107.473389",39100,492,63
1684553688,2023-05-20T03:34:48Z,CTM1022,"27.678329,107.563339",39125,493,63
1684553748,2023-05-20T03:35:48Z,CTM1022,"27.7395,107.700241",39775,489,63
1684553837,2023-05-20T03:37:17Z,CTM1022,"27.82958,107.900269",41100,486,62
1684553899,2023-05-20T03:38:19Z,CTM1022,"27.894012,108.040901",41100,486,62
1684553960,2023-05-20T03:39:20Z,CTM1022,"27.956341,108.178062",41100,486,62
1684553997,2023-05-20T03:39:57Z,CTM1022,"27.994492,108.262184",41100,484,62
1684554043,2023-05-20T03:40:43Z,CTM1022,"28.042179,108.367691",41100,485,63
1684554227,2023-05-20T03:43:47Z,CTM1022,"28.229601,108.784843",41100,486,63
1684554283,2023-05-20T03:44:43Z,CTM1022,"28.285839,108.910919",41100,484,63
1684554405,2023-05-20T03:46:45Z,CTM1022,"28.408831,109.187729",41100,487,63
1684554522,2023-05-20T03:48:42Z,CTM1022,"28.52986,109.463676",41100,512,64
1684554582,2023-05-20T03:49:42Z,CTM1022,"28.581961,109.612747",41100,511,68
1684554644,2023-05-20T03:50:44Z,CTM1022,"28.63624,109.768707",41100,511,67
1684554768,2023-05-20T03:52:48Z,CTM1022,"28.7474,110.077782",41100,514,67
1684554884,2023-05-20T03:54:44Z,CTM1022,"28.850559,110.368813",41100,516,68
1684554942,2023-05-20T03:55:42Z,CTM1022,"28.902559,110.516586",41100,517,68
1684555004,2023-05-20T03:56:44Z,CTM1022,"28.95694,110.671623",41100,517,68
1684555066,2023-05-20T03:57:46Z,CTM1022,"29.01228,110.829231",41100,519,67
1684555128,2023-05-20T03:58:48Z,CTM1022,"29.06885,110.988518",41100,521,68
1684555248,2023-05-20T04:00:48Z,CTM1022,"29.17745,111.297432",41100,526,68
1684555307,2023-05-20T04:01:47Z,CTM1022,"29.230129,111.44838",41100,526,68
1684555363,2023-05-20T04:02:43Z,CTM1022,"29.280258,111.592575",41100,528,68
1684555693,2023-05-20T04:08:13Z,CTM1022,"29.700281,112.362671",41100,520,57
1684555713,2023-05-20T04:08:33Z,CTM1022,"29.724302,112.405327",41100,520,57
1684555805,2023-05-20T04:10:05Z,CTM1022,"29.845572,112.622574",41100,522,57
1684555869,2023-05-20T04:11:09Z,CTM1022,"29.929825,112.774063",41100,524,57
1684555933,2023-05-20T04:12:13Z,CTM1022,"30.01153,112.921379",41100,525,57
1684555996,2023-05-20T04:13:16Z,CTM1022,"30.094254,113.071182",41100,526,57
1684556058,2023-05-20T04:14:18Z,CTM1022,"30.175394,113.218613",41100,524,57
1684556122,2023-05-20T04:15:22Z,CTM1022,"30.260305,113.370117",41100,524,56
1684556182,2023-05-20T04:16:22Z,CTM1022,"30.33814,113.509041",41100,526,57
1684556242,2023-05-20T04:17:22Z,CTM1022,"30.415743,113.648453",41100,526,57
1684556333,2023-05-20T04:18:53Z,CTM1022,"30.53487,113.863235",41100,526,57
1684556387,2023-05-20T04:19:47Z,CTM1022,"30.608656,113.99678",41100,528,57
1684556473,2023-05-20T04:21:13Z,CTM1022,"30.721125,114.204086",41100,536,60
1684556505,2023-05-20T04:21:45Z,CTM1022,"30.755911,114.287651",41100,542,66
1684556594,2023-05-20T04:23:14Z,CTM1022,"30.835178,114.532364",41100,546,69
1684556657,2023-05-20T04:24:17Z,CTM1022,"30.891506,114.705887",41100,545,69
1684556686,2023-05-20T04:24:46Z,CTM1022,"30.916506,114.783287",41100,545,69
1684556772,2023-05-20T04:26:12Z,CTM1022,"30.992752,115.020874",41100,541,69
1684556835,2023-05-20T04:27:15Z,CTM1022,"31.047318,115.191597",41100,538,69
1684556899,2023-05-20T04:28:19Z,CTM1022,"31.100945,115.360123",41100,536,69
1684556967,2023-05-20T04:29:27Z,CTM1022,"31.161091,115.545517",41100,536,69
1684556977,2023-05-20T04:29:37Z,CTM1022,"31.168585,115.568863",41100,536,69
1684557045,2023-05-20T04:30:45Z,CTM1022,"31.229549,115.758469",41100,539,69
1684557103,2023-05-20T04:31:43Z,CTM1022,"31.301771,115.899887",41100,507,44
1684557106,2023-05-20T04:31:46Z,CTM1022,"31.305264,115.903564",41100,504,43
1684557109,2023-05-20T04:31:49Z,CTM1022,"31.312271,115.910606",41100,502,40
1684557112,2023-05-20T04:31:52Z,CTM1022,"31.313828,115.912079",41100,498,39
1684557115,2023-05-20T04:31:55Z,CTM1022,"31.319138,115.917122",41100,498,39
1684557118,2023-05-20T04:31:58Z,CTM1022,"31.324768,115.922462",41100,497,39
1684557139,2023-05-20T04:32:19Z,CTM1022,"31.360195,115.967285",41100,522,54
1684557142,2023-05-20T04:32:22Z,CTM1022,"31.364897,115.975632",41100,524,56
1684557145,2023-05-20T04:32:25Z,CTM1022,"31.368759,115.983109",41100,528,59
1684557148,2023-05-20T04:32:28Z,CTM1022,"31.371367,115.988602",41100,530,61
1684557151,2023-05-20T04:32:31Z,CTM1022,"31.375534,115.99807",41100,533,63
1684557154,2023-05-20T04:32:34Z,CTM1022,"31.378769,116.00618",41100,535,64
1684557157,2023-05-20T04:32:37Z,CTM1022,"31.381714,116.014442",41100,538,67
1684557160,2023-05-20T04:32:40Z,CTM1022,"31.383797,116.020844",41100,540,68
1684557163,2023-05-20T04:32:43Z,CTM1022,"31.386728,116.030952",41100,544,71
1684557166,2023-05-20T04:32:46Z,CTM1022,"31.388451,116.037491",41100,544,72
1684557169,2023-05-20T04:32:49Z,CTM1022,"31.390779,116.047104",41100,546,74
1684557172,2023-05-20T04:32:52Z,CTM1022,"31.392105,116.053001",41100,546,75
1684557175,2023-05-20T04:32:55Z,CTM1022,"31.394596,116.064568",41100,548,75
1684557179,2023-05-20T04:32:59Z,CTM1022,"31.396645,116.074509",41100,547,76
1684557181,2023-05-20T04:33:01Z,CTM1022,"31.398193,116.081917",41100,548,76
1684557184,2023-05-20T04:33:04Z,CTM1022,"31.399338,116.087631",41100,548,76
1684557247,2023-05-20T04:34:07Z,CTM1022,"31.44734,116.267487",41100,544,69
1684557311,2023-05-20T04:35:11Z,CTM1022,"31.503574,116.441071",41100,542,69
1684557374,2023-05-20T04:36:14Z,CTM1022,"31.559555,116.615562",41100,541,69
1684557437,2023-05-20T04:37:17Z,CTM1022,"31.614603,116.788071",41100,542,69
1684557500,2023-05-20T04:38:20Z,CTM1022,"31.669767,116.962151",41100,542,69
1684557560,2023-05-20T04:39:20Z,CTM1022,"31.720779,117.126701",41100,546,71
1684557623,2023-05-20T04:40:23Z,CTM1022,"31.755655,117.311684",41100,556,82
1684557687,2023-05-20T04:41:27Z,CTM1022,"31.760777,117.503342",41100,563,93
1684557750,2023-05-20T04:42:30Z,CTM1022,"31.747696,117.692924",41100,562,94
1684557813,2023-05-20T04:43:33Z,CTM1022,"31.73378,117.88723",41100,563,94
1684557876,2023-05-20T04:44:36Z,CTM1022,"31.719772,118.078415",41100,562,94
1684557939,2023-05-20T04:45:39Z,CTM1022,"31.706356,118.268372",41100,561,94
1684558002,2023-05-20T04:46:42Z,CTM1022,"31.69281,118.461952",41100,561,94
1684558065,2023-05-20T04:47:45Z,CTM1022,"31.678894,118.653526",41100,563,94
1684558127,2023-05-20T04:48:47Z,CTM1022,"31.665344,118.837463",41100,564,94
1684558190,2023-05-20T04:49:50Z,CTM1022,"31.650742,119.031212",41100,563,95
1684558253,2023-05-20T04:50:53Z,CTM1022,"31.640488,119.223206",41100,561,92
1684558316,2023-05-20T04:51:56Z,CTM1022,"31.632711,119.411171",41100,561,93
1684558379,2023-05-20T04:52:59Z,CTM1022,"31.62355,119.603088",41100,561,93
1684558439,2023-05-20T04:53:59Z,CTM1022,"31.614695,119.788277",41100,562,93
1684558502,2023-05-20T04:55:02Z,CTM1022,"31.60585,119.980209",41100,562,93
1684558566,2023-05-20T04:56:06Z,CTM1022,"31.59668,120.170502",41100,562,93
1684558629,2023-05-20T04:57:09Z,CTM1022,"31.572739,120.361145",41100,565,103
1684558692,2023-05-20T04:58:12Z,CTM1022,"31.521824,120.544739",41100,565,109
1684558755,2023-05-20T04:59:15Z,CTM1022,"31.467264,120.727333",41075,567,109
1684558815,2023-05-20T05:00:15Z,CTM1022,"31.414753,120.901741",41100,565,108
1684558878,2023-05-20T05:01:18Z,CTM1022,"31.366241,121.086357",41100,565,106
1684558942,2023-05-20T05:02:22Z,CTM1022,"31.316895,121.270859",41100,565,107
1684559005,2023-05-20T05:03:25Z,CTM1022,"31.267273,121.454285",41100,565,107
1684559068,2023-05-20T05:04:28Z,CTM1022,"31.217373,121.637711",41100,564,107
1684559131,2023-05-20T05:05:31Z,CTM1022,"31.168446,121.81646",41100,562,107
1684559194,2023-05-20T05:06:34Z,CTM1022,"31.117146,122.002678",41100,564,107
1684559256,2023-05-20T05:07:36Z,CTM1022,"31.067846,122.180603",41100,564,107
1684559317,2023-05-20T05:08:37Z,CTM1022,"31.021526,122.357811",41100,565,103
1684559381,2023-05-20T05:09:41Z,CTM1022,"31.000578,122.548538",41100,561,92
1684559444,2023-05-20T05:10:44Z,CTM1022,"31.001789,122.739258",41100,558,86
1684559507,2023-05-20T05:11:47Z,CTM1022,"31.027718,122.924652",41100,551,74
1684559569,2023-05-20T05:12:49Z,CTM1022,"31.073805,123.101089",40250,546,73
1684559602,2023-05-20T05:13:22Z,CTM1022,"31.097626,123.19207",39700,544,73
1684559653,2023-05-20T05:14:13Z,CTM1022,"31.133438,123.328621",39025,540,72
1684559750,2023-05-20T05:15:50Z,CTM1022,"31.205175,123.602455",39000,538,73
1684559774,2023-05-20T05:16:14Z,CTM1022,"31.222687,123.669922",39000,538,73
1684559837,2023-05-20T05:17:17Z,CTM1022,"31.266586,123.84053",39000,536,73
1684559923,2023-05-20T05:18:43Z,CTM1022,"31.328865,124.083488",39000,535,73
1684560029,2023-05-20T05:20:29Z,CTM1022,"31.402651,124.373749",39000,535,73
1684560283,2023-05-20T05:24:43Z,CTM1022,"31.576242,125.070175",39000,515,73
1684560369,2023-05-20T05:26:09Z,CTM1022,"31.632153,125.298141",39000,513,74
1684560424,2023-05-20T05:27:04Z,CTM1022,"31.66832,125.446632",39000,512,74
1684560511,2023-05-20T05:28:31Z,CTM1022,"31.723627,125.675735",39000,510,74
1684560570,2023-05-20T05:29:30Z,CTM1022,"31.758635,125.833557",39000,510,75
1684560650,2023-05-20T05:30:50Z,CTM1022,"31.805746,126.048889",39000,511,75
1684560710,2023-05-20T05:31:50Z,CTM1022,"31.841219,126.211838",39000,510,75
1684560774,2023-05-20T05:32:54Z,CTM1022,"31.877884,126.381226",39000,510,75
1684560834,2023-05-20T05:33:54Z,CTM1022,"31.913048,126.544678",39000,511,75
1684560896,2023-05-20T05:34:56Z,CTM1022,"31.949478,126.708839",39000,509,75
1684560955,2023-05-20T05:35:55Z,CTM1022,"31.984497,126.868637",39000,507,75
1684561020,2023-05-20T05:37:00Z,CTM1022,"32.021748,127.039902",39000,506,75
1684561080,2023-05-20T05:38:00Z,CTM1022,"32.067993,127.196793",39000,503,65
1684561144,2023-05-20T05:39:04Z,CTM1022,"32.127979,127.355927",39000,505,66
1684561206,2023-05-20T05:40:06Z,CTM1022,"32.186775,127.512985",38400,503,66
1684561268,2023-05-20T05:41:08Z,CTM1022,"32.244781,127.668381",37400,505,66
1684561328,2023-05-20T05:42:08Z,CTM1022,"32.301682,127.821426",36425,511,66
1684561391,2023-05-20T05:43:11Z,CTM1022,"32.362152,127.985008",35375,517,66
1684561455,2023-05-20T05:44:15Z,CTM1022,"32.422073,128.148209",34375,510,66
1684561518,2023-05-20T05:45:18Z,CTM1022,"32.481869,128.311295",33300,513,66
1684561577,2023-05-20T05:46:17Z,CTM1022,"32.537128,128.462967",32350,513,66
1684561640,2023-05-20T05:47:20Z,CTM1022,"32.594559,128.621552",31325,513,66
1684561704,2023-05-20T05:48:24Z,CTM1022,"32.657364,128.788879",30250,506,62
1684561766,2023-05-20T05:49:26Z,CTM1022,"32.735779,128.928467",29250,490,51
1684561827,2023-05-20T05:50:27Z,CTM1022,"32.820099,129.057434",28975,488,52
1684561890,2023-05-20T05:51:30Z,CTM1022,"32.906521,129.189865",29000,484,52
1684561952,2023-05-20T05:52:32Z,CTM1022,"32.992268,129.321472",29000,484,52
1684562012,2023-05-20T05:53:32Z,CTM1022,"33.075413,129.449554",29000,482,52
1684562075,2023-05-20T05:54:35Z,CTM1022,"33.159859,129.580429",28375,468,52
1684562137,2023-05-20T05:55:37Z,CTM1022,"33.240719,129.706055",27325,461,52
1684562200,2023-05-20T05:56:40Z,CTM1022,"33.320927,129.831039",26275,449,52
1684562261,2023-05-20T05:57:41Z,CTM1022,"33.395782,129.948196",25275,435,52
1684562324,2023-05-20T05:58:44Z,CTM1022,"33.473061,130.069046",24225,426,52
1684562385,2023-05-20T05:59:45Z,CTM1022,"33.544563,130.18158",23225,420,52
1684562446,2023-05-20T06:00:46Z,CTM1022,"33.615738,130.294037",22225,414,52
1684562504,2023-05-20T06:01:44Z,CTM1022,"33.679733,130.40239",21250,409,65
1684562507,2023-05-20T06:01:47Z,CTM1022,"33.681801,130.408569",21200,408,67
1684562510,2023-05-20T06:01:50Z,CTM1022,"33.683475,130.414124",21175,408,69
1684562513,2023-05-20T06:01:53Z,CTM1022,"33.685432,130.421326",21100,407,71
1684562516,2023-05-20T06:01:56Z,CTM1022,"33.687248,130.428085",21050,406,72
1684562519,2023-05-20T06:01:59Z,CTM1022,"33.688969,130.434601",21000,406,72
1684562522,2023-05-20T06:02:02Z,CTM1022,"33.690647,130.440842",20950,405,72
1684562525,2023-05-20T06:02:05Z,CTM1022,"33.692368,130.447174",20900,404,72
1684562528,2023-05-20T06:02:08Z,CTM1022,"33.694199,130.453735",20850,404,71
1684562591,2023-05-20T06:03:11Z,CTM1022,"33.731689,130.585464",19825,396,71
1684562654,2023-05-20T06:04:14Z,CTM1022,"33.768341,130.715103",19000,393,71
1684562715,2023-05-20T06:05:15Z,CTM1022,"33.80365,130.840607",19000,392,71
1684562776,2023-05-20T06:06:16Z,CTM1022,"33.838303,130.964157",18475,393,71
1684562838,2023-05-20T06:07:18Z,CTM1022,"33.876064,131.095215",17425,391,69
1684562873,2023-05-20T06:07:53Z,CTM1022,"33.898922,131.166168",17000,384,68
1684562905,2023-05-20T06:08:25Z,CTM1022,"33.918938,131.229462",17000,385,69
1684562935,2023-05-20T06:08:55Z,CTM1022,"33.936996,131.291",17000,387,73
1684562949,2023-05-20T06:09:09Z,CTM1022,"33.941982,131.319412",17000,386,79
1684562952,2023-05-20T06:09:12Z,CTM1022,"33.943146,131.326843",17000,387,79
1684562955,2023-05-20T06:09:15Z,CTM1022,"33.944218,131.33371",17000,387,79
1684562989,2023-05-20T06:09:49Z,CTM1022,"33.955761,131.403687",16525,387,78
1684563022,2023-05-20T06:10:22Z,CTM1022,"33.96777,131.474472",15975,384,78
1684563052,2023-05-20T06:10:52Z,CTM1022,"33.978573,131.537994",15475,386,78
1684563086,2023-05-20T06:11:26Z,CTM1022,"33.990417,131.608414",14900,385,78
1684563119,2023-05-20T06:11:59Z,CTM1022,"34.001953,131.677582",14350,380,78
1684563153,2023-05-20T06:12:33Z,CTM1022,"34.013298,131.745636",13800,377,78
1684563186,2023-05-20T06:13:06Z,CTM1022,"34.02475,131.81459",13150,372,78
1684563218,2023-05-20T06:13:38Z,CTM1022,"34.035553,131.879944",12325,370,78
1684563251,2023-05-20T06:14:11Z,CTM1022,"34.046356,131.945358",11450,366,78
1684563263,2023-05-20T06:14:23Z,CTM1022,"34.050568,131.971191",11175,363,78
1684563276,2023-05-20T06:14:36Z,CTM1022,"34.054451,131.994904",11125,354,78
1684563288,2023-05-20T06:14:48Z,CTM1022,"34.058258,132.017715",11125,350,78
1684563300,2023-05-20T06:15:00Z,CTM1022,"34.062271,132.042099",11100,351,78
1684563312,2023-05-20T06:15:12Z,CTM1022,"34.06609,132.065155",11100,354,78
1684563324,2023-05-20T06:15:24Z,CTM1022,"34.070095,132.089539",11125,355,78
1684563337,2023-05-20T06:15:37Z,CTM1022,"34.074051,132.113846",11125,355,78
1684563349,2023-05-20T06:15:49Z,CTM1022,"34.078171,132.137894",11125,355,77
1684563359,2023-05-20T06:15:59Z,CTM1022,"34.082932,132.155045",11125,355,68
1684563362,2023-05-20T06:16:02Z,CTM1022,"34.084351,132.158752",11125,354,65
1684563365,2023-05-20T06:16:05Z,CTM1022,"34.087132,132.165009",11125,354,62
1684563368,2023-05-20T06:16:08Z,CTM1022,"34.089787,132.170685",11125,354,61
1684563371,2023-05-20T06:16:11Z,CTM1022,"34.092316,132.175781",11125,354,59
1684563374,2023-05-20T06:16:14Z,CTM1022,"34.094578,132.180466",11125,353,59
1684563377,2023-05-20T06:16:17Z,CTM1022,"34.097233,132.185959",11125,354,59
1684563380,2023-05-20T06:16:20Z,CTM1022,"34.099869,132.191422",11125,354,59
1684563383,2023-05-20T06:16:23Z,CTM1022,"34.102215,132.19632",11125,354,59
1684563386,2023-05-20T06:16:26Z,CTM1022,"34.104774,132.201691",11125,353,60
1684563398,2023-05-20T06:16:38Z,CTM1022,"34.114517,132.222641",11125,354,60
1684563410,2023-05-20T06:16:50Z,CTM1022,"34.123955,132.243347",11125,354,61
1684563421,2023-05-20T06:17:01Z,CTM1022,"34.133148,132.263794",11125,354,62
1684563434,2023-05-20T06:17:14Z,CTM1022,"34.140198,132.285263",11125,354,72
1684563437,2023-05-20T06:17:17Z,CTM1022,"34.141251,132.290298",11125,355,75
1684563440,2023-05-20T06:17:20Z,CTM1022,"34.142296,132.296448",11125,355,78
1684563443,2023-05-20T06:17:23Z,CTM1022,"34.143127,132.30275",11125,355,80
1684563446,2023-05-20T06:17:26Z,CTM1022,"34.143505,132.30629",11125,355,81
1684563449,2023-05-20T06:17:29Z,CTM1022,"34.144226,132.314407",11125,356,83
1684563452,2023-05-20T06:17:32Z,CTM1022,"34.144623,132.318649",11125,356,84
1684563455,2023-05-20T06:17:35Z,CTM1022,"34.145279,132.326904",11125,356,84
1684563458,2023-05-20T06:17:38Z,CTM1022,"34.145462,132.328827",11125,356,84
1684563471,2023-05-20T06:17:51Z,CTM1022,"34.148117,132.358856",11100,357,83
1684563483,2023-05-20T06:18:03Z,CTM1022,"34.150223,132.382507",10950,355,83
1684563495,2023-05-20T06:18:15Z,CTM1022,"34.152374,132.406616",10625,354,83
1684563508,2023-05-20T06:18:28Z,CTM1022,"34.154587,132.43045",10450,347,83
1684563520,2023-05-20T06:18:40Z,CTM1022,"34.156681,132.452087",10350,337,83
1684563531,2023-05-20T06:18:51Z,CTM1022,"34.158875,132.474258",10150,325,83
1684563544,2023-05-20T06:19:04Z,CTM1022,"34.160965,132.496613",10025,311,83
1684563555,2023-05-20T06:19:15Z,CTM1022,"34.162872,132.517029",9975,302,83
1684563568,2023-05-20T06:19:28Z,CTM1022,"34.164501,132.535797",9700,295,84
1684563579,2023-05-20T06:19:39Z,CTM1022,"34.166153,132.556046",9500,292,84
1684563592,2023-05-20T06:19:52Z,CTM1022,"34.167713,132.575974",9325,288,84
1684563604,2023-05-20T06:20:04Z,CTM1022,"34.169296,132.595535",9050,287,84
1684563616,2023-05-20T06:20:16Z,CTM1022,"34.171158,132.615448",8750,288,82
1684563626,2023-05-20T06:20:26Z,CTM1022,"34.173981,132.62886",8525,288,72
1684563628,2023-05-20T06:20:28Z,CTM1022,"34.175629,132.633362",8475,288,66
1684563632,2023-05-20T06:20:32Z,CTM1022,"34.17786,132.638",8400,287,60
1684563635,2023-05-20T06:20:35Z,CTM1022,"34.180141,132.641891",8350,286,55
1684563638,2023-05-20T06:20:38Z,CTM1022,"34.182468,132.645035",8300,286,50
1684563641,2023-05-20T06:20:41Z,CTM1022,"34.185379,132.648483",8250,285,45
1684563644,2023-05-20T06:20:44Z,CTM1022,"34.188568,132.651611",8175,286,39
1684563647,2023-05-20T06:20:47Z,CTM1022,"34.191696,132.654144",8100,285,34
1684563650,2023-05-20T06:20:50Z,CTM1022,"34.195541,132.656662",8050,285,29
1684563653,2023-05-20T06:20:53Z,CTM1022,"34.19965,132.658707",7975,286,24
1684563656,2023-05-20T06:20:56Z,CTM1022,"34.203278,132.660141",7925,285,18
1684563659,2023-05-20T06:20:59Z,CTM1022,"34.207626,132.661087",7875,285,12
1684563662,2023-05-20T06:21:02Z,CTM1022,"34.211567,132.661575",7825,283,5
1684563665,2023-05-20T06:21:05Z,CTM1022,"34.215336,132.661621",7800,281,2
1684563668,2023-05-20T06:21:08Z,CTM1022,"34.219524,132.661407",7750,277,357
1684563671,2023-05-20T06:21:11Z,CTM1022,"34.223202,132.661057",7675,273,355
1684563674,2023-05-20T06:21:14Z,CTM1022,"34.226761,132.660583",7625,272,354
1684563677,2023-05-20T06:21:17Z,CTM1022,"34.230839,132.660034",7550,269,353
1684563681,2023-05-20T06:21:21Z,CTM1022,"34.234406,132.659515",7500,267,353
1684563684,2023-05-20T06:21:24Z,CTM1022,"34.238113,132.659012",7475,266,353
1684563687,2023-05-20T06:21:27Z,CTM1022,"34.241638,132.658478",7425,264,353
1684563690,2023-05-20T06:21:30Z,CTM1022,"34.245712,132.657898",7375,263,353
1684563702,2023-05-20T06:21:42Z,CTM1022,"34.260086,132.655487",7150,260,350
1684563708,2023-05-20T06:21:48Z,CTM1022,"34.267288,132.653046",7050,255,343
1684563711,2023-05-20T06:21:51Z,CTM1022,"34.270641,132.651505",7000,252,339
1684563714,2023-05-20T06:21:54Z,CTM1022,"34.273853,132.649719",6975,250,336
1684563717,2023-05-20T06:21:57Z,CTM1022,"34.27684,132.648087",6950,247,334
1684563720,2023-05-20T06:22:00Z,CTM1022,"34.280182,132.646072",6950,244,334
1684563723,2023-05-20T06:22:03Z,CTM1022,"34.283157,132.644333",6925,241,333
1684563726,2023-05-20T06:22:06Z,CTM1022,"34.28614,132.642578",6900,239,333
1684563729,2023-05-20T06:22:09Z,CTM1022,"34.289474,132.640579",6825,237,333
1684563732,2023-05-20T06:22:12Z,CTM1022,"34.292358,132.63884",6775,237,333
1684563735,2023-05-20T06:22:15Z,CTM1022,"34.295315,132.637085",6700,235,333
1684563748,2023-05-20T06:22:28Z,CTM1022,"34.307137,132.629868",6475,234,332
1684563760,2023-05-20T06:22:40Z,CTM1022,"34.318863,132.622528",6175,233,332
1684563772,2023-05-20T06:22:52Z,CTM1022,"34.330353,132.615067",5850,232,331
1684563784,2023-05-20T06:23:04Z,CTM1022,"34.341957,132.607391",5675,224,331
1684563797,2023-05-20T06:23:17Z,CTM1022,"34.3526,132.600433",5550,214,331
1684563809,2023-05-20T06:23:29Z,CTM1022,"34.362953,132.593658",5425,208,331
1684563821,2023-05-20T06:23:41Z,CTM1022,"34.372963,132.587128",5200,206,331
1684563833,2023-05-20T06:23:53Z,CTM1022,"34.383682,132.580154",5100,207,331
1684563846,2023-05-20T06:24:06Z,CTM1022,"34.394283,132.574188",5075,204,338
1684563849,2023-05-20T06:24:09Z,CTM1022,"34.397003,132.573532",5075,203,348
1684563852,2023-05-20T06:24:12Z,CTM1022,"34.39975,132.573257",5100,202,355
1684563855,2023-05-20T06:24:15Z,CTM1022,"34.402802,132.573456",5100,202,3
1684563858,2023-05-20T06:24:18Z,CTM1022,"34.405643,132.574142",5075,201,7
1684563861,2023-05-20T06:24:21Z,CTM1022,"34.408203,132.575226",5075,201,17
1684563864,2023-05-20T06:24:24Z,CTM1022,"34.410995,132.576889",5025,200,24
1684563867,2023-05-20T06:24:27Z,CTM1022,"34.4133,132.578751",4975,198,31
1684563870,2023-05-20T06:24:30Z,CTM1022,"34.415371,132.581009",4925,196,41
1684563873,2023-05-20T06:24:33Z,CTM1022,"34.417053,132.583115",4875,194,47
1684563876,2023-05-20T06:24:36Z,CTM1022,"34.418839,132.586029",4850,192,51
1684563879,2023-05-20T06:24:39Z,CTM1022,"34.420395,132.588776",4800,191,55
1684563883,2023-05-20T06:24:43Z,CTM1022,"34.421795,132.591644",4750,189,58
1684563886,2023-05-20T06:24:46Z,CTM1022,"34.423004,132.594162",4725,188,59
1684563888,2023-05-20T06:24:48Z,CTM1022,"34.42347,132.595139",4725,187,60
1684563892,2023-05-20T06:24:52Z,CTM1022,"34.425705,132.600098",4700,182,61
1684563895,2023-05-20T06:24:55Z,CTM1022,"34.427055,132.603027",4675,182,61
1684563898,2023-05-20T06:24:58Z,CTM1022,"34.428219,132.605667",4625,179,61
1684563901,2023-05-20T06:25:01Z,CTM1022,"34.429382,132.608353",4575,179,62
1684563905,2023-05-20T06:25:05Z,CTM1022,"34.430649,132.611649",4525,179,65
1684563908,2023-05-20T06:25:08Z,CTM1022,"34.431427,132.61412",4475,179,67
1684563911,2023-05-20T06:25:11Z,CTM1022,"34.432297,132.617081",4425,179,70
1684563913,2023-05-20T06:25:13Z,CTM1022,"34.432922,132.619919",4375,179,74
1684563917,2023-05-20T06:25:17Z,CTM1022,"34.433388,132.622543",4325,179,77
1684563919,2023-05-20T06:25:19Z,CTM1022,"34.433853,132.625412",4275,180,77
1684563923,2023-05-20T06:25:23Z,CTM1022,"34.434265,132.628586",4175,180,80
1684563926,2023-05-20T06:25:26Z,CTM1022,"34.434551,132.631363",4125,181,82
1684563928,2023-05-20T06:25:28Z,CTM1022,"34.43483,132.634445",4075,181,83
1684563932,2023-05-20T06:25:32Z,CTM1022,"34.435017,132.637482",4050,180,85
1684563935,2023-05-20T06:25:35Z,CTM1022,"34.435204,132.641479",4000,179,86
1684563938,2023-05-20T06:25:38Z,CTM1022,"34.435249,132.642395",3975,178,87
1684563941,2023-05-20T06:25:41Z,CTM1022,"34.43539,132.64743",3950,177,87
1684563944,2023-05-20T06:25:44Z,CTM1022,"34.435501,132.650558",3925,175,88
1684563947,2023-05-20T06:25:47Z,CTM1022,"34.435528,132.653503",3900,173,88
1684563950,2023-05-20T06:25:50Z,CTM1022,"34.435593,132.656555",3850,173,89
1684563953,2023-05-20T06:25:53Z,CTM1022,"34.435638,132.659348",3825,172,88
1684563956,2023-05-20T06:25:56Z,CTM1022,"34.435684,132.662094",3800,171,88
1684563963,2023-05-20T06:26:03Z,CTM1022,"34.43573,132.668045",3700,170,89
1684563969,2023-05-20T06:26:09Z,CTM1022,"34.43573,132.67392",3600,170,90
1684563975,2023-05-20T06:26:15Z,CTM1022,"34.43573,132.679642",3525,169,90
1684563981,2023-05-20T06:26:21Z,CTM1022,"34.43576,132.685486",3425,169,90
1684563987,2023-05-20T06:26:27Z,CTM1022,"34.435776,132.691299",3325,169,89
1684563993,2023-05-20T06:26:33Z,CTM1022,"34.435776,132.697418",3225,168,90
1684563999,2023-05-20T06:26:39Z,CTM1022,"34.435822,132.703079",3125,168,89
1684564006,2023-05-20T06:26:46Z,CTM1022,"34.435822,132.708954",3100,168,89
1684564012,2023-05-20T06:26:52Z,CTM1022,"34.435856,132.714096",3075,168,89
1684564019,2023-05-20T06:26:59Z,CTM1022,"34.435913,132.721237",3075,168,89
1684564028,2023-05-20T06:27:08Z,CTM1022,"34.435959,132.730255",3075,163,89
1684564035,2023-05-20T06:27:15Z,CTM1022,"34.435959,132.735641",3075,160,90
1684564041,2023-05-20T06:27:21Z,CTM1022,"34.435959,132.740173",3075,160,90
1684564046,2023-05-20T06:27:26Z,CTM1022,"34.435993,132.745682",3100,161,89
1684564053,2023-05-20T06:27:33Z,CTM1022,"34.435993,132.751526",3100,159,89
1684564059,2023-05-20T06:27:39Z,CTM1022,"34.436005,132.757278",3075,160,90
1684564065,2023-05-20T06:27:45Z,CTM1022,"34.435993,132.762787",3075,160,90
1684564075,2023-05-20T06:27:55Z,CTM1022,"34.436005,132.772079",3075,159,90
1684564083,2023-05-20T06:28:03Z,CTM1022,"34.436005,132.778625",3075,157,90
1684564089,2023-05-20T06:28:09Z,CTM1022,"34.435993,132.784195",3000,159,90
1684564095,2023-05-20T06:28:15Z,CTM1022,"34.436005,132.789444",2950,157,90
1684564101,2023-05-20T06:28:21Z,CTM1022,"34.436005,132.794434",2875,155,89
1684564106,2023-05-20T06:28:26Z,CTM1022,"34.435993,132.798035",2800,152,89
1684564116,2023-05-20T06:28:36Z,CTM1022,"34.43605,132.80722",2650,143,89
1684564125,2023-05-20T06:28:45Z,CTM1022,"34.436005,132.813217",2550,138,90
1684564133,2023-05-20T06:28:53Z,CTM1022,"34.435993,132.820358",2450,137,90
1684564141,2023-05-20T06:29:01Z,CTM1022,"34.436039,132.822357",2350,137,89
1684564152,2023-05-20T06:29:12Z,CTM1022,"34.436096,132.834915",2225,135,90
1684564163,2023-05-20T06:29:23Z,CTM1022,"34.436005,132.842987",2125,137,90
1684564173,2023-05-20T06:29:33Z,CTM1022,"34.436039,132.850861",1975,135,89
1684564184,2023-05-20T06:29:44Z,CTM1022,"34.436089,132.858414",1875,132,90
1684564194,2023-05-20T06:29:54Z,CTM1022,"34.436039,132.866196",1750,132,90
1684564204,2023-05-20T06:30:04Z,CTM1022,"34.436039,132.873627",1625,131,89
1684564214,2023-05-20T06:30:14Z,CTM1022,"34.436142,132.880646",1525,130,89
1684564224,2023-05-20T06:30:24Z,CTM1022,"34.436089,132.888",1450,132,89
1684564234,2023-05-20T06:30:34Z,CTM1022,"34.436039,132.896118",1300,136,90
1684564534,2023-05-20T06:35:34Z,CTM1022,"34.437721,132.917542",0,12,270
1684564541,2023-05-20T06:35:41Z,CTM1022,"34.437729,132.917007",0,13,270
1684564552,2023-05-20T06:35:52Z,CTM1022,"34.437729,132.916321",0,12,270
1684564558,2023-05-20T06:35:58Z,CTM1022,"34.437729,132.91597",0,9,270
1684564565,2023-05-20T06:36:05Z,CTM1022,"34.437744,132.915756",0,5,275
1684564589,2023-05-20T06:36:29Z,CTM1022,"34.438416,132.915665",0,5,357
1684564598,2023-05-20T06:36:38Z,CTM1022,"34.437729,132.915771",0,5,357